email,address,email_key,email_deciphered,address_key,address_deciphered
vaeqbt52@symux.oay,Ьмбшмщъоэцфх ысь.р.37 цо.399,mnopqrstuvwxyzabcdefghijkl,joseph52@gmail.com,мнопрстуфхцчшщъыьэюяабвгдежзийкл,Рахмановский пер.д.37 кв.399
zxtwc.hxcrtgt@vbpxa.rdb,юя. № 4914у.14 щс.284,pqrstuvwxyzabcdefghijklmno,kiehn.sincere@gmail.com,прстуфхцчшщъыьэюяабвгдежзийклмно,пр. № 4914д.14 кв.284
zgzxov.cdgg@ojmkct.xjh,2-ф Дгяегчжяхф иа.щ.73 яч.70,vwxyzabcdefghijklmnopqrstu,electa.hill@torphy.com,хцчшщъыьэюяабвгдежзийклмнопрстуф,2-я Покровская ул.д.73 кв.70
yohflz@nsvcly.jvt,87-р су УСЗЛл.16 сй.158,hijklmnopqrstuvwxyzabcdefg,rhayes@glover.com,зийклмнопрстуфхцчшщъыьэюяабвгдеж,87-й км МКАДд.16 кв.158
wfiu.cvsjrtb@yreu.tfd,1-ъ Васвяюсьщуыяувыщъ ацб.х.35 ыу.167,rstuvwxyzabcdefghijklmnopq,ford.lebsack@hand.com,стуфхцчшщъыьэюяабвгдежзийклмнопр,1-й Спасоналивковский пер.д.35 кв.167
rnpfdqf56@mtyrfnq.htr,шр. Межуручбкй.32 пз.476,fghijklmnopqrstuvwxyzabcde,mikayla56@hotmail.com,ежзийклмнопрстуфхцчшщъыьэюяабвгд,ул. Заболотьед.32 кв.476
ypobnct.qdnat@vddslxc.dgv,Адэуьфьащчш бвю.у.37 щс.368,pqrstuvwxyzabcdefghijklmno,jazmyne.boyle@goodwin.org,прстуфхцчшщъыьэюяабвгдежзийклмно,Сходненский туп.д.37 кв.368
rpqnsl@bnxtep.htr,Ьужучузцпед шр.й.57 пз.41,fghijklmnopqrstuvwxyzabcde,mkling@wisozk.com,ежзийклмнопрстуфхцчшщъыьэюяабвгд,Чоботовская ул.д.57 кв.41
pujggck@zglesad.uge,Баэчфтс еэ.ц.68 ьф.257,stuvwxyzabcdefghijklmnopqr,xcrooks@hotmail.com,туфхцчшщъыьэюяабвгдежзийклмнопрс,Полевая ул.д.68 кв.257
mzqjmzbw.tqvl@ouiqt.kwu,Иугфцки ыу.м.76 тк.49,ijklmnopqrstuvwxyzabcdefgh,eriberto.lind@gmail.com,ийклмнопрстуфхцчшщъыьэюяабвгдежз,Алымова ул.д.76 кв.49
